epoch,mean_loss,std_loss,min_loss,max_loss,num_steps
0,2.0086077775606026,0.08375167084020624,1.8040624185799776,2.281352327401972,224
1,1.4921334897580938,0.08962821264926511,1.25838728526571,1.6729807443104918,224
2,1.1031792610561628,0.08326028372493127,0.926364536951448,1.3246819318124077,224
3,0.8266584402289963,0.08602917496503672,0.6293856385859338,1.0349756060986972,224
