{
  "model_path": "d:\\AI_project\\ai_sem_proj_semeval-2026-task-4-baselines\\assignments\\assignment_3\\src\\experiments\\EXP_001_Combined_Data",
  "test_data": "d:\\AI_project\\ai_sem_proj_semeval-2026-task-4-baselines\\data\\raw\\sample_track_a.jsonl",
  "device": "cuda",
  "num_test_pairs": 78,
  "num_positive": 39,
  "num_negative": 39,
  "best_threshold": 0.2,
  "metrics": {
    "accuracy": 0.5641025641025641,
    "precision": 0.5352112676056338,
    "recall": 0.9743589743589743,
    "f1_score": 0.6909090909090909
  },
  "similarity_stats": {
    "positive_pairs": {
      "mean": 0.4021759629249573,
      "std": 0.11351403594017029,
      "min": 0.1283036321401596,
      "max": 0.6100407838821411
    },
    "negative_pairs": {
      "mean": 0.3779474198818207,
      "std": 0.1367688626050949,
      "min": 0.08165876567363739,
      "max": 0.6303742527961731
    }
  },
  "confusion_matrix": {
    "true_negative": 6,
    "false_positive": 33,
    "false_negative": 1,
    "true_positive": 38
  }
}